"id","name","city",
"1","possimus","North Rigobertotown",
"2","repellat","North Lillyfort",
"3","iusto","Ritchieton",
"4","dolores","West Jeffereyfurt",
"5","id","Tremblayland",
"6","nostrum","Patsyshire",
"7","ut","West Nia",
"8","id","Lake Melbatown",
"9","animi","Lake Juniorburgh",
"10","ut","West Luisamouth",
"11","nihil","McLaughlinhaven",
"12","minus","Lake Ryannfurt",
"13","voluptatem","South Devin",
"14","dolor","New Sunny",
"15","et","West Herminioport",
"16","voluptatem","East Bernhard",
"17","quis","Cleoraborough",
"18","animi","Mackport",
"19","vero","Dietrichfort",
"20","enim","South Izabellaland",
"21","voluptatibus","Amieland",
"22","natus","Alexandrinebury",
"23","maiores","Emmerichville",
"24","sit","North Earnestton",
"25","aut","Manteton",
"26","dolorem","Port Marisaport",
"27","nulla","New Irvingside",
"28","quidem","West Merl",
"29","harum","Kutchstad",
"30","dolores","Sashafurt",
"31","molestias","New Pearlieburgh",
"32","quaerat","Denesikburgh",
"33","incidunt","New Bernie",
"34","assumenda","Port Stephanyfort",
"35","quo","Gleichnertown",
"36","corrupti","Lake Katherynmouth",
"37","harum","Missouritown",
"38","ut","South Liliane",
"39","provident","Rosellafort",
"40","magnam","West Gaylord",
"41","officiis","Anyaside",
"42","atque","West Berthafort",
"43","voluptas","Sabinachester",
"44","aut","Khalidview",
"45","sit","Rethastad",
"46","et","Carlottachester",
"47","explicabo","Gutmannton",
"48","sed","Port Jesus",
"49","soluta","Braunbury",
"50","qui","South Amytown",
"51","sed","South Shannonville",
"52","quo","Johnsonstad",
"53","doloribus","Howeview",
"54","voluptatibus","Thielburgh",
"55","aspernatur","Turcotteview",
"56","nesciunt","New Arafort",
"57","saepe","South Willardberg",
"58","quis","Adrianaport",
"59","omnis","North Minnie",
"60","et","North Candidastad",
"61","laborum","New Cordie",
"62","minima","East Jaydenstad",
"63","id","West Magdalentown",
"64","est","Robelshire",
"65","sint","West Jessica",
"66","et","North Janaemouth",
"67","ab","Lake Stefanie",
"68","beatae","Madonnaburgh",
"69","voluptatem","South Aurelia",
"70","eligendi","Turcottebury",
"71","qui","East Karolannberg",
"72","autem","Katlynnchester",
"73","molestiae","Port Domenick",
"74","facere","Cydneyville",
"75","officia","West Eugeniaside",
"76","expedita","Carloport",
"77","nam","Hicklehaven",
"78","corporis","North Nickfurt",
"79","et","Antoninamouth",
"80","et","Millsport",
"81","ea","West Jaimemouth",
"82","eius","Treutelside",
"83","harum","South Emil",
"84","fuga","South Carolynfurt",
"85","temporibus","Dareport",
"86","voluptatem","Destineeborough",
"87","reprehenderit","South Sid",
"88","consequatur","South Laverna",
"89","dicta","Daughertyport",
"90","autem","East German",
"91","sed","Port Fermin",
"92","dolorem","Audieview",
"93","doloribus","West Clairland",
"94","illum","Lake Joelchester",
"95","mollitia","Lake Prudenceshire",
"96","provident","Desireeside",
"97","veritatis","East Savanah",
"98","corrupti","Nellabury",
"99","neque","North Lelah",
"100","eveniet","Betheltown",
